cache_flag,schedule, chunk_num, delay_times, cputime, walltime
0,1,0,10000,0.244792,0.247844
0,2,1,10000,0.244792,0.247207
0,3,1,10000,0.25,0.247004
cache_flag,schedule, chunk_num, delay_times, cputime, walltime
1,1,0,10000,0.317708,0.321279
1,2,1,10000,0.322917,0.322716
1,3,1,10000,0.317708,0.318077
cache_flag,schedule, chunk_num, delay_times, cputime, walltime
0,1,0,10000,0.244792,0.247673
0,2,1,10000,0.25,0.247748
0,3,1,10000,0.25,0.246912
